"cat2_slug,cat3_slug,city_slug,neighborhood_slug,created_at_month,user_type,description,title,rent_mode,rent_value,rent_to_single,rent_type,price_mode,price_value,credit_mode,credit_value,rent_credit_transform,transformable_price,transformable_credit,transformed_credit,transformable_rent,transformed_rent,land_size,building_size,deed_type,has_business_deed,floor,rooms_count,total_floors_count,unit_per_floor,has_balcony,has_elevator,has_warehouse,has_parking,construction_year,is_rebuilt,has_water,has_warm_water_provider,has_electricity,has_gas,has_heating_system,has_cooling_system,has_restroom,has_security_guard,has_barbecue,building_direction,has_pool,has_jacuzzi,has_sauna,floor_material,property_type,regular_person_capacity,extra_person_capacity,cost_per_extra_person,rent_price_on_regular_days,rent_price_on_special_days,rent_price_at_weekends,location_latitude,location_longitude,location_radius"
"apartment,sell,tehran,vanak,2023-01,personal,""Nice apartment in Vanak"",""Vanak Apt"",monthly,0,0,none,normal,1200000000,none,0,none,0,0,0,0,0,120,90,official,1,2,2,5,2,1,1,0,1,1395,0,1,1,1,1,1,1,1,0,0,north,0,0,0,ceramic,apartment,4,2,500000,0,0,0,35.754,51.410,100"
"apartment,sell,tehran,saadatabad,2023-02,personal,""Modern apt, great view"",""Saadatabad Modern"",monthly,0,0,none,normal,1500000000,none,0,none,0,0,0,0,0,140,110,official,1,5,3,10,2,1,1,1,1,1398,0,1,1,1,1,1,1,1,0,0,east,0,0,0,parquet,apartment,6,2,600000,0,0,0,35.780,51.370,120"
"villa,sell,karaj,gohardasht,2023-01,personal,""Spacious villa with pool"",""Gohardasht Villa"",none,0,0,none,normal,3000000000,none,0,none,0,0,0,0,0,500,350,official,1,1,5,2,1,1,1,1,1,1390,0,1,1,1,1,1,1,1,0,0,south,1,1,1,stone,villa,10,5,1000000,0,0,0,35.900,50.950,200"
"apartment,rent,tehran,shahrak-gharb,2023-03,agency,""Furnished, close to metro"",""Shahrak Gharb Rent"",monthly,8000000,1,short,normal,0,normal,0,none,0,0,0,0,0,100,80,official,0,3,2,8,2,1,1,0,1,1400,0,1,1,1,1,1,1,1,0,0,west,0,0,0,ceramic,apartment,4,1,300000,8000000,9000000,8500000,35.730,51.320,80"
"apartment,sell,tehran,niavaran,2023-01,personal,""Luxury apt, mountain view"",""Niavaran Luxury"",monthly,0,0,none,normal,2500000000,none,0,none,0,0,0,0,0,200,160,official,1,7,4,12,2,1,1,1,1,1399,0,1,1,1,1,1,1,1,0,0,north,1,1,1,parquet,apartment,8,3,700000,0,0,0,35.825,51.480,150"
"apartment,sell,esfahan,abbasabad,2023-02,personal,""Central, newly built"",""Esfahan Abbasabad"",monthly,0,0,none,normal,900000000,none,0,none,0,0,0,0,0,90,70,official,1,1,2,4,2,1,1,0,1,1401,0,1,1,1,1,1,1,1,0,0,east,0,0,0,ceramic,apartment,3,1,200000,0,0,0,32.654,51.668,60"
"villa,sell,shiraz,ghasrodasht,2023-01,personal,""Large garden, quiet area"",""Shiraz Villa"",none,0,0,none,normal,2200000000,none,0,none,0,0,0,0,0,400,300,official,1,1,4,1,1,1,1,1,1,1385,0,1,1,1,1,1,1,1,0,0,south,1,0,0,stone,villa,8,3,800000,0,0,0,29.610,52.520,180"
"apartment,rent,tehran,enghelab,2023-03,agency,""Close to university"",""Enghelab Rent"",monthly,6000000,1,short,normal,0,normal,0,none,0,0,0,0,0,80,60,official,0,2,1,6,2,1,0,0,1,1397,0,1,1,1,1,1,1,1,0,0,west,0,0,0,ceramic,apartment,2,1,150000,6000000,7000000,6500000,35.700,51.400,70"
"apartment,sell,tehran,pars,2023-02,personal,""Affordable, good access"",""Pars Apt"",monthly,0,0,none,normal,700000000,none,0,none,0,0,0,0,0,80,60,official,1,4,2,6,2,1,0,0,1,1392,0,1,1,1,1,1,1,1,0,0,east,0,0,0,ceramic,apartment,3,1,200000,0,0,0,35.740,51.500,60"
"apartment,sell,tehran,tehranpars,2023-01,personal,""Bright, cozy, near park"",""Tehranpars Cozy"",monthly,0,0,none,normal,850000000,none,0,none,0,0,0,0,0,85,65,official,1,2,2,5,2,1,1,0,1,1394,0,1,1,1,1,1,1,1,0,0,north,0,0,0,ceramic,apartment,3,1,200000,0,0,0,35.750,51.600,65"
